GISJOIN,YEAR,STATE,STATEA,COUNTY,COUNTYA,PRETRACTA,TRACTA,POSTTRCTA,AREANAME,BAT001,BAT002,BAT003,BAT004,BAT005,BAT006
"G17003100001","1920","Illinois","17","Cook","031",,"0001",,"Tract    0001    in Chicago, IL",861,873,394,690,0,2
"G17003100002","1920","Illinois","17","Cook","031",,"0002",,"Tract    0002    in Chicago, IL",980,1133,472,679,2,0
"G17003100003","1920","Illinois","17","Cook","031",,"0003",,"Tract    0003    in Chicago, IL",605,750,286,619,0,0
"G17003100004","1920","Illinois","17","Cook","031",,"0004",,"Tract    0004    in Chicago, IL",1523,490,310,298,4,2
"G17003100005","1920","Illinois","17","Cook","031",,"0005",,"Tract    0005    in Chicago, IL",2892,1099,674,845,27,0
"G17003100006","1920","Illinois","17","Cook","031",,"0006",,"Tract    0006    in Chicago, IL",3139,1803,1025,1337,16,3
"G17003100007","1920","Illinois","17","Cook","031",,"0007",,"Tract    0007    in Chicago, IL",5808,2462,1484,1562,47,7
"G17003100008","1920","Illinois","17","Cook","031",,"0008",,"Tract    0008    in Chicago, IL",1239,1657,525,1193,0,1
"G17003100009","1920","Illinois","17","Cook","031",,"0009",,"Tract    0009    in Chicago, IL",1822,2681,785,2258,1,3
"G17003100010","1920","Illinois","17","Cook","031",,"0010",,"Tract    0010    in Chicago, IL",3371,3587,1448,2976,1,2
"G17003100011","1920","Illinois","17","Cook","031",,"0011",,"Tract    0011    in Chicago, IL",2976,2523,1204,1686,1,3
"G17003100012","1920","Illinois","17","Cook","031",,"0012",,"Tract    0012    in Chicago, IL",2232,1616,773,1259,0,3
"G17003100013","1920","Illinois","17","Cook","031",,"0013",,"Tract    0013    in Chicago, IL",3445,1694,950,1259,11,10
"G17003100014","1920","Illinois","17","Cook","031",,"0014",,"Tract    0014    in Chicago, IL",3694,2231,1241,1600,11,9
"G17003100015","1920","Illinois","17","Cook","031",,"0015",,"Tract    0015    in Chicago, IL",4224,2749,1262,2114,40,6
"G17003100016","1920","Illinois","17","Cook","031",,"0016",,"Tract    0016    in Chicago, IL",3931,2796,1310,2328,12,2
"G17003100017","1920","Illinois","17","Cook","031",,"0017",,"Tract    0017    in Chicago, IL",6153,3532,1732,2889,24,16
"G17003100018","1920","Illinois","17","Cook","031",,"0018",,"Tract    0018    in Chicago, IL",4063,1579,995,1154,35,0
"G17003100019","1920","Illinois","17","Cook","031",,"0019",,"Tract    0019    in Chicago, IL",6728,2223,1172,1847,125,22
"G17003100020","1920","Illinois","17","Cook","031",,"0020",,"Tract    0020    in Chicago, IL",5316,2154,1192,1655,39,6
"G17003100021","1920","Illinois","17","Cook","031",,"0021",,"Tract    0021    in Chicago, IL",1761,2248,927,1722,8,2
"G17003100022","1920","Illinois","17","Cook","031",,"0022",,"Tract    0022    in Chicago, IL",89,127,47,108,2,0
"G17003100023","1920","Illinois","17","Cook","031",,"0023",,"Tract    0023    in Chicago, IL",2005,2599,1109,1698,0,0
"G17003100024","1920","Illinois","17","Cook","031",,"0024",,"Tract    0024    in Chicago, IL",835,912,524,618,0,2
"G17003100025","1920","Illinois","17","Cook","031",,"0025",,"Tract    0025    in Chicago, IL",435,641,314,526,0,0
"G17003100026","1920","Illinois","17","Cook","031",,"0026",,"Tract    0026    in Chicago, IL",482,769,248,611,0,1
"G17003100027","1920","Illinois","17","Cook","031",,"0027",,"Tract    0027    in Chicago, IL",558,574,256,457,0,0
"G17003100028","1920","Illinois","17","Cook","031",,"0028",,"Tract    0028    in Chicago, IL",382,770,247,568,0,0
"G17003100029","1920","Illinois","17","Cook","031",,"0029",,"Tract    0029    in Chicago, IL",550,918,318,748,0,0
"G17003100030","1920","Illinois","17","Cook","031",,"0030",,"Tract    0030    in Chicago, IL",585,877,314,689,0,0
"G17003100031","1920","Illinois","17","Cook","031",,"0031",,"Tract    0031    in Chicago, IL",518,903,280,686,0,0
"G17003100032","1920","Illinois","17","Cook","031",,"0032",,"Tract    0032    in Chicago, IL",622,983,341,704,2,0
"G17003100033","1920","Illinois","17","Cook","031",,"0033",,"Tract    0033    in Chicago, IL",697,1214,374,864,5,5
"G17003100034","1920","Illinois","17","Cook","031",,"0034",,"Tract    0034    in Chicago, IL",3492,2490,1332,1960,7,4
"G17003100035","1920","Illinois","17","Cook","031",,"0035",,"Tract    0035    in Chicago, IL",1119,1397,625,1161,9,2
"G17003100036","1920","Illinois","17","Cook","031",,"0036",,"Tract    0036    in Chicago, IL",1067,1376,518,1078,1,0
"G17003100037","1920","Illinois","17","Cook","031",,"0037",,"Tract    0037    in Chicago, IL",1168,1580,603,1353,0,0
"G17003100038","1920","Illinois","17","Cook","031",,"0038",,"Tract    0038    in Chicago, IL",1183,1036,443,972,2,0
"G17003100039","1920","Illinois","17","Cook","031",,"0039",,"Tract    0039    in Chicago, IL",2249,1210,568,1063,30,5
"G17003100040","1920","Illinois","17","Cook","031",,"0040",,"Tract    0040    in Chicago, IL",1480,700,424,688,14,3
"G17003100041","1920","Illinois","17","Cook","031",,"0041",,"Tract    0041    in Chicago, IL",538,607,244,519,0,1
"G17003100042","1920","Illinois","17","Cook","031",,"0042",,"Tract    0042    in Chicago, IL",776,534,151,380,2,6
"G17003100043","1920","Illinois","17","Cook","031",,"0043",,"Tract    0043    in Chicago, IL",337,404,178,314,0,0
"G17003100044","1920","Illinois","17","Cook","031",,"0044",,"Tract    0044    in Chicago, IL",117,198,106,267,8,0
"G17003100045","1920","Illinois","17","Cook","031",,"0045",,"Tract    0045    in Chicago, IL",569,556,221,539,3,0
"G17003100046","1920","Illinois","17","Cook","031",,"0046",,"Tract    0046    in Chicago, IL",439,278,122,198,1,2
"G17003100047","1920","Illinois","17","Cook","031",,"0047",,"Tract    0047    in Chicago, IL",343,395,154,330,0,0
"G17003100048","1920","Illinois","17","Cook","031",,"0048",,"Tract    0048    in Chicago, IL",614,695,300,577,0,3
"G17003100049","1920","Illinois","17","Cook","031",,"0049",,"Tract    0049    in Chicago, IL",529,975,368,791,0,1
"G17003100050","1920","Illinois","17","Cook","031",,"0050",,"Tract    0050    in Chicago, IL",461,885,247,757,0,0
"G17003100051","1920","Illinois","17","Cook","031",,"0051",,"Tract    0051    in Chicago, IL",531,1300,290,1729,5,0
"G17003100052","1920","Illinois","17","Cook","031",,"0052",,"Tract    0052    in Chicago, IL",1174,1279,419,1664,18,2
"G17003100053","1920","Illinois","17","Cook","031",,"0053",,"Tract    0053    in Chicago, IL",2305,1593,775,1657,34,8
"G17003100054","1920","Illinois","17","Cook","031",,"0054",,"Tract    0054    in Chicago, IL",526,915,288,693,13,0
"G17003100055","1920","Illinois","17","Cook","031",,"0055",,"Tract    0055    in Chicago, IL",931,1853,654,1511,1,0
"G17003100056","1920","Illinois","17","Cook","031",,"0056",,"Tract    0056    in Chicago, IL",1216,1881,673,1586,6,0
"G17003100057","1920","Illinois","17","Cook","031",,"0057",,"Tract    0057    in Chicago, IL",1157,1970,655,2058,3,1
"G17003100058","1920","Illinois","17","Cook","031",,"0058",,"Tract    0058    in Chicago, IL",1515,1395,615,1466,19,14
"G17003100059","1920","Illinois","17","Cook","031",,"0059",,"Tract    0059    in Chicago, IL",1728,1380,632,1427,19,12
"G17003100060","1920","Illinois","17","Cook","031",,"0060",,"Tract    0060    in Chicago, IL",2316,935,554,875,15,6
"G17003100061","1920","Illinois","17","Cook","031",,"0061",,"Tract    0061    in Chicago, IL",268,1457,215,1582,0,0
"G17003100062","1920","Illinois","17","Cook","031",,"0062",,"Tract    0062    in Chicago, IL",496,1651,323,1230,0,0
"G17003100063","1920","Illinois","17","Cook","031",,"0063",,"Tract    0063    in Chicago, IL",1029,1853,459,1445,1,0
"G17003100064","1920","Illinois","17","Cook","031",,"0064",,"Tract    0064    in Chicago, IL",1525,1358,482,1209,40,3
"G17003100065","1920","Illinois","17","Cook","031",,"0065",,"Tract    0065    in Chicago, IL",1771,1466,624,1364,35,1
"G17003100066","1920","Illinois","17","Cook","031",,"0066",,"Tract    0066    in Chicago, IL",1744,1413,610,1376,10,2
"G17003100067","1920","Illinois","17","Cook","031",,"0067",,"Tract    0067    in Chicago, IL",2179,920,499,1006,23,2
"G17003100068","1920","Illinois","17","Cook","031",,"0068",,"Tract    0068    in Chicago, IL",442,1243,204,1503,0,1
"G17003100069","1920","Illinois","17","Cook","031",,"0069",,"Tract    0069    in Chicago, IL",487,1057,283,1100,2,0
"G17003100070","1920","Illinois","17","Cook","031",,"0070",,"Tract    0070    in Chicago, IL",1505,1891,711,1893,9,3
"G17003100071","1920","Illinois","17","Cook","031",,"0071",,"Tract    0071    in Chicago, IL",1697,1629,681,1738,6,1
"G17003100072","1920","Illinois","17","Cook","031",,"0072",,"Tract    0072    in Chicago, IL",1697,1528,536,1719,33,6
"G17003100073","1920","Illinois","17","Cook","031",,"0073",,"Tract    0073    in Chicago, IL",1946,1374,558,1588,48,5
"G17003100074","1920","Illinois","17","Cook","031",,"0074",,"Tract    0074    in Chicago, IL",341,626,168,674,19,0
"G17003100075","1920","Illinois","17","Cook","031",,"0075",,"Tract    0075    in Chicago, IL",1071,2391,591,3141,1,2
"G17003100076","1920","Illinois","17","Cook","031",,"0076",,"Tract    0076    in Chicago, IL",1097,2356,697,3186,10,1
"G17003100077","1920","Illinois","17","Cook","031",,"0077",,"Tract    0077    in Chicago, IL",795,1262,400,1349,1,8
"G17003100078","1920","Illinois","17","Cook","031",,"0078",,"Tract    0078    in Chicago, IL",576,1298,373,1652,0,5
"G17003100079","1920","Illinois","17","Cook","031",,"0079",,"Tract    0079    in Chicago, IL",3266,2245,776,3026,35,13
"G17003100080","1920","Illinois","17","Cook","031",,"0080",,"Tract    0080    in Chicago, IL",54,157,28,259,0,0
"G17003100081","1920","Illinois","17","Cook","031",,"0081",,"Tract    0081    in Chicago, IL",863,2660,507,2990,87,4
"G17003100082","1920","Illinois","17","Cook","031",,"0082",,"Tract    0082    in Chicago, IL",1141,2452,488,2717,158,0
"G17003100083","1920","Illinois","17","Cook","031",,"0083",,"Tract    0083    in Chicago, IL",1803,2085,666,2316,343,6
"G17003100084","1920","Illinois","17","Cook","031",,"0084",,"Tract    0084    in Chicago, IL",2755,1277,537,1493,45,15
"G17003100085","1920","Illinois","17","Cook","031",,"0085",,"Tract    0085    in Chicago, IL",1090,231,144,792,33,7
"G17003100086","1920","Illinois","17","Cook","031",,"0086",,"Tract    0086    in Chicago, IL",83,605,70,452,52,1
"G17003100087","1920","Illinois","17","Cook","031",,"0087",,"Tract    0087    in Chicago, IL",335,2851,198,2995,166,1
"G17003100088","1920","Illinois","17","Cook","031",,"0088",,"Tract    0088    in Chicago, IL",866,1077,195,1302,204,4
"G17003100089","1920","Illinois","17","Cook","031",,"0089",,"Tract    0089    in Chicago, IL",2757,1223,552,1772,24,15
"G17003100090","1920","Illinois","17","Cook","031",,"0090",,"Tract    0090    in Chicago, IL",3977,1621,747,2042,88,9
"G17003100091","1920","Illinois","17","Cook","031",,"0091",,"Tract    0091    in Chicago, IL",178,2113,105,2690,115,1
"G17003100092","1920","Illinois","17","Cook","031",,"0092",,"Tract    0092    in Chicago, IL",120,190,32,326,125,0
"G17003100093","1920","Illinois","17","Cook","031",,"0093",,"Tract    0093    in Chicago, IL",18,76,5,95,0,0
"G17003100094","1920","Illinois","17","Cook","031",,"0094",,"Tract    0094    in Chicago, IL",96,463,50,763,20,0
"G17003100095","1920","Illinois","17","Cook","031",,"0095",,"Tract    0095    in Chicago, IL",2567,1625,460,2957,191,16
"G17003100096","1920","Illinois","17","Cook","031",,"0096",,"Tract    0096    in Chicago, IL",3999,1590,769,2401,130,26
"G17003100097","1920","Illinois","17","Cook","031",,"0097",,"Tract    0097    in Chicago, IL",1512,498,248,834,36,9
"G17003100098","1920","Illinois","17","Cook","031",,"0098",,"Tract    0098    in Chicago, IL",454,192,156,148,0,0
"G17003100099","1920","Illinois","17","Cook","031",,"0099",,"Tract    0099    in Chicago, IL",989,633,337,559,0,0
"G17003100100","1920","Illinois","17","Cook","031",,"0100",,"Tract    0100    in Chicago, IL",331,324,141,230,0,0
"G17003100101","1920","Illinois","17","Cook","031",,"0101",,"Tract    0101    in Chicago, IL",909,2076,576,1859,3,0
"G17003100102","1920","Illinois","17","Cook","031",,"0102",,"Tract    0102    in Chicago, IL",424,655,222,527,0,0
"G17003100103","1920","Illinois","17","Cook","031",,"0103",,"Tract    0103    in Chicago, IL",2021,2576,887,1824,71,0
"G17003100104","1920","Illinois","17","Cook","031",,"0104",,"Tract    0104    in Chicago, IL",635,578,239,406,4,0
"G17003100105","1920","Illinois","17","Cook","031",,"0105",,"Tract    0105    in Chicago, IL",413,818,257,773,0,0
"G17003100106","1920","Illinois","17","Cook","031",,"0106",,"Tract    0106    in Chicago, IL",3657,3915,1748,2677,6,2
"G17003100107","1920","Illinois","17","Cook","031",,"0107",,"Tract    0107    in Chicago, IL",704,1415,405,1109,18,4
"G17003100108","1920","Illinois","17","Cook","031",,"0108",,"Tract    0108    in Chicago, IL",1571,2735,886,2076,0,0
"G17003100109","1920","Illinois","17","Cook","031",,"0109",,"Tract    0109    in Chicago, IL",3598,3357,1386,2586,12,3
"G17003100110","1920","Illinois","17","Cook","031",,"0110",,"Tract    0110    in Chicago, IL",5741,7131,2750,5286,2,12
"G17003100111","1920","Illinois","17","Cook","031",,"0111",,"Tract    0111    in Chicago, IL",2889,2910,1213,2030,2,0
"G17003100112","1920","Illinois","17","Cook","031",,"0112",,"Tract    0112    in Chicago, IL",3221,3481,1413,2553,8,0
"G17003100113","1920","Illinois","17","Cook","031",,"0113",,"Tract    0113    in Chicago, IL",3437,5237,2044,3420,8,13
"G17003100114","1920","Illinois","17","Cook","031",,"0114",,"Tract    0114    in Chicago, IL",1965,3282,1112,2361,6,1
"G17003100115","1920","Illinois","17","Cook","031",,"0115",,"Tract    0115    in Chicago, IL",470,685,222,648,3,0
"G17003100116","1920","Illinois","17","Cook","031",,"0116",,"Tract    0116    in Chicago, IL",572,1480,321,1131,1,0
"G17003100117","1920","Illinois","17","Cook","031",,"0117",,"Tract    0117    in Chicago, IL",91,502,28,485,0,0
"G17003100118","1920","Illinois","17","Cook","031",,"0118",,"Tract    0118    in Chicago, IL",512,1447,240,1065,0,0
"G17003100119","1920","Illinois","17","Cook","031",,"0119",,"Tract    0119    in Chicago, IL",1049,3314,667,2539,5,1
"G17003100120","1920","Illinois","17","Cook","031",,"0120",,"Tract    0120    in Chicago, IL",920,1413,490,1021,0,0
"G17003100121","1920","Illinois","17","Cook","031",,"0121",,"Tract    0121    in Chicago, IL",4263,6465,2056,5104,4,5
"G17003100122","1920","Illinois","17","Cook","031",,"0122",,"Tract    0122    in Chicago, IL",1184,3945,911,2267,1,4
"G17003100123","1920","Illinois","17","Cook","031",,"0123",,"Tract    0123    in Chicago, IL",1619,3541,960,2267,13,2
"G17003100124","1920","Illinois","17","Cook","031",,"0124",,"Tract    0124    in Chicago, IL",1264,1965,715,1416,0,0
"G17003100125","1920","Illinois","17","Cook","031",,"0125",,"Tract    0125    in Chicago, IL",376,546,173,394,0,1
"G17003100126","1920","Illinois","17","Cook","031",,"0126",,"Tract    0126    in Chicago, IL",925,1321,537,972,2,0
"G17003100127","1920","Illinois","17","Cook","031",,"0127",,"Tract    0127    in Chicago, IL",1404,3049,839,2232,0,2
"G17003100128","1920","Illinois","17","Cook","031",,"0128",,"Tract    0128    in Chicago, IL",1792,2653,900,2074,0,3
"G17003100129","1920","Illinois","17","Cook","031",,"0129",,"Tract    0129    in Chicago, IL",957,1431,504,1206,8,2
"G17003100130","1920","Illinois","17","Cook","031",,"0130",,"Tract    0130    in Chicago, IL",906,1578,503,1133,3,3
"G17003100131","1920","Illinois","17","Cook","031",,"0131",,"Tract    0131    in Chicago, IL",772,1008,457,782,0,3
"G17003100132","1920","Illinois","17","Cook","031",,"0132",,"Tract    0132    in Chicago, IL",634,1098,425,941,1,0
"G17003100133","1920","Illinois","17","Cook","031",,"0133",,"Tract    0133    in Chicago, IL",364,713,157,478,0,0
"G17003100134","1920","Illinois","17","Cook","031",,"0134",,"Tract    0134    in Chicago, IL",1488,2391,839,1739,0,2
"G17003100135","1920","Illinois","17","Cook","031",,"0135",,"Tract    0135    in Chicago, IL",1744,2833,1017,2278,1,7
"G17003100136","1920","Illinois","17","Cook","031",,"0136",,"Tract    0136    in Chicago, IL",668,1299,379,1139,1,0
"G17003100137","1920","Illinois","17","Cook","031",,"0137",,"Tract    0137    in Chicago, IL",854,1352,476,1137,9,2
"G17003100138","1920","Illinois","17","Cook","031",,"0138",,"Tract    0138    in Chicago, IL",984,1693,584,1453,0,1
"G17003100139","1920","Illinois","17","Cook","031",,"0139",,"Tract    0139    in Chicago, IL",858,1751,478,1380,0,2
"G17003100140","1920","Illinois","17","Cook","031",,"0140",,"Tract    0140    in Chicago, IL",592,3501,629,2467,1,0
"G17003100141","1920","Illinois","17","Cook","031",,"0141",,"Tract    0141    in Chicago, IL",373,3529,485,2735,0,0
"G17003100142","1920","Illinois","17","Cook","031",,"0142",,"Tract    0142    in Chicago, IL",402,2827,388,2393,4,0
"G17003100143","1920","Illinois","17","Cook","031",,"0143",,"Tract    0143    in Chicago, IL",1908,2366,794,1746,13,0
"G17003100144","1920","Illinois","17","Cook","031",,"0144",,"Tract    0144    in Chicago, IL",3947,3610,1496,2549,10,4
"G17003100145","1920","Illinois","17","Cook","031",,"0145",,"Tract    0145    in Chicago, IL",425,623,189,524,4,0
"G17003100146","1920","Illinois","17","Cook","031",,"0146",,"Tract    0146    in Chicago, IL",4515,1928,1233,1242,16,11
"G17003100147","1920","Illinois","17","Cook","031",,"0147",,"Tract    0147    in Chicago, IL",4618,2153,1431,1457,22,0
"G17003100148","1920","Illinois","17","Cook","031",,"0148",,"Tract    0148    in Chicago, IL",2423,2681,1164,2498,45,2
"G17003100149","1920","Illinois","17","Cook","031",,"0149",,"Tract    0149    in Chicago, IL",3109,2209,1176,1360,30,1
"G17003100150","1920","Illinois","17","Cook","031",,"0150",,"Tract    0150    in Chicago, IL",5008,4154,2080,2563,8,5
"G17003100151","1920","Illinois","17","Cook","031",,"0151",,"Tract    0151    in Chicago, IL",1348,1588,580,1367,5,2
"G17003100152","1920","Illinois","17","Cook","031",,"0152",,"Tract    0152    in Chicago, IL",1781,2866,877,2644,0,5
"G17003100153","1920","Illinois","17","Cook","031",,"0153",,"Tract    0153    in Chicago, IL",858,1747,437,1769,3,2
"G17003100154","1920","Illinois","17","Cook","031",,"0154",,"Tract    0154    in Chicago, IL",2377,4580,1213,3620,2,0
"G17003100155","1920","Illinois","17","Cook","031",,"0155",,"Tract    0155    in Chicago, IL",1435,2183,731,1710,0,3
"G17003100156","1920","Illinois","17","Cook","031",,"0156",,"Tract    0156    in Chicago, IL",338,548,143,435,0,0
"G17003100157","1920","Illinois","17","Cook","031",,"0157",,"Tract    0157    in Chicago, IL",1298,2425,807,2209,4,5
"G17003100158","1920","Illinois","17","Cook","031",,"0158",,"Tract    0158    in Chicago, IL",1933,2597,894,1824,0,0
"G17003100159","1920","Illinois","17","Cook","031",,"0159",,"Tract    0159    in Chicago, IL",508,577,214,421,0,0
"G17003100160","1920","Illinois","17","Cook","031",,"0160",,"Tract    0160    in Chicago, IL",770,1153,368,988,2,1
"G17003100161","1920","Illinois","17","Cook","031",,"0161",,"Tract    0161    in Chicago, IL",3068,3054,1045,2261,9,1
"G17003100162","1920","Illinois","17","Cook","031",,"0162",,"Tract    0162    in Chicago, IL",1532,1262,619,923,17,0
"G17003100163","1920","Illinois","17","Cook","031",,"0163",,"Tract    0163    in Chicago, IL",1348,1569,354,1566,2,0
"G17003100164","1920","Illinois","17","Cook","031",,"0164",,"Tract    0164    in Chicago, IL",932,2096,685,2048,1,3
"G17003100165","1920","Illinois","17","Cook","031",,"0165",,"Tract    0165    in Chicago, IL",842,1625,490,1551,1,0
"G17003100166","1920","Illinois","17","Cook","031",,"0166",,"Tract    0166    in Chicago, IL",772,2825,574,2371,0,3
"G17003100167","1920","Illinois","17","Cook","031",,"0167",,"Tract    0167    in Chicago, IL",570,1035,323,1115,1,4
"G17003100168","1920","Illinois","17","Cook","031",,"0168",,"Tract    0168    in Chicago, IL",536,3062,475,2747,0,1
"G17003100169","1920","Illinois","17","Cook","031",,"0169",,"Tract    0169    in Chicago, IL",425,2547,405,1984,1,0
"G17003100170","1920","Illinois","17","Cook","031",,"0170",,"Tract    0170    in Chicago, IL",262,1451,259,1147,0,2
"G17003100171","1920","Illinois","17","Cook","031",,"0171",,"Tract    0171    in Chicago, IL",414,3073,362,4305,4,1
"G17003100172","1920","Illinois","17","Cook","031",,"0172",,"Tract    0172    in Chicago, IL",387,3493,327,5101,3,3
"G17003100173","1920","Illinois","17","Cook","031",,"0173",,"Tract    0173    in Chicago, IL",342,2705,324,3774,1,2
"G17003100174","1920","Illinois","17","Cook","031",,"0174",,"Tract    0174    in Chicago, IL",304,2797,295,3849,2,3
"G17003100175","1920","Illinois","17","Cook","031",,"0175",,"Tract    0175    in Chicago, IL",262,2804,290,3830,3,1
"G17003100176","1920","Illinois","17","Cook","031",,"0176",,"Tract    0176    in Chicago, IL",460,2979,434,2818,2,7
"G17003100177","1920","Illinois","17","Cook","031",,"0177",,"Tract    0177    in Chicago, IL",615,5708,704,4866,0,0
"G17003100178","1920","Illinois","17","Cook","031",,"0178",,"Tract    0178    in Chicago, IL",224,2602,226,2144,1,0
"G17003100179","1920","Illinois","17","Cook","031",,"0179",,"Tract    0179    in Chicago, IL",1359,2472,528,2655,3,11
"G17003100180","1920","Illinois","17","Cook","031",,"0180",,"Tract    0180    in Chicago, IL",682,3043,443,3389,0,4
"G17003100181","1920","Illinois","17","Cook","031",,"0181",,"Tract    0181    in Chicago, IL",642,2917,468,3250,9,0
"G17003100182","1920","Illinois","17","Cook","031",,"0182",,"Tract    0182    in Chicago, IL",474,2664,434,3133,0,3
"G17003100183","1920","Illinois","17","Cook","031",,"0183",,"Tract    0183    in Chicago, IL",650,2791,416,3030,3,4
"G17003100184","1920","Illinois","17","Cook","031",,"0184",,"Tract    0184    in Chicago, IL",678,3404,441,3386,1,0
"G17003100185","1920","Illinois","17","Cook","031",,"0185",,"Tract    0185    in Chicago, IL",479,4007,416,3970,0,6
"G17003100186","1920","Illinois","17","Cook","031",,"0186",,"Tract    0186    in Chicago, IL",276,4797,334,4913,1,10
"G17003100187","1920","Illinois","17","Cook","031",,"0187",,"Tract    0187    in Chicago, IL",259,3648,234,3347,0,0
"G17003100188","1920","Illinois","17","Cook","031",,"0188",,"Tract    0188    in Chicago, IL",96,2163,145,1892,4,2
"G17003100189","1920","Illinois","17","Cook","031",,"0189",,"Tract    0189    in Chicago, IL",344,1499,309,1418,1,0
"G17003100190","1920","Illinois","17","Cook","031",,"0190",,"Tract    0190    in Chicago, IL",537,1691,315,1665,79,1
"G17003100191","1920","Illinois","17","Cook","031",,"0191",,"Tract    0191    in Chicago, IL",414,1788,239,1720,113,2
"G17003100192","1920","Illinois","17","Cook","031",,"0192",,"Tract    0192    in Chicago, IL",517,2858,403,2867,30,1
"G17003100193","1920","Illinois","17","Cook","031",,"0193",,"Tract    0193    in Chicago, IL",619,2943,343,2466,42,0
"G17003100194","1920","Illinois","17","Cook","031",,"0194",,"Tract    0194    in Chicago, IL",456,3972,237,3833,2,0
"G17003100195","1920","Illinois","17","Cook","031",,"0195",,"Tract    0195    in Chicago, IL",310,5591,376,5543,0,0
"G17003100196","1920","Illinois","17","Cook","031",,"0196",,"Tract    0196    in Chicago, IL",351,3814,374,4411,0,0
"G17003100197","1920","Illinois","17","Cook","031",,"0197",,"Tract    0197    in Chicago, IL",178,2031,162,2430,0,0
"G17003100198","1920","Illinois","17","Cook","031",,"0198",,"Tract    0198    in Chicago, IL",39,362,42,507,0,0
"G17003100199","1920","Illinois","17","Cook","031",,"0199",,"Tract    0199    in Chicago, IL",2246,1639,788,1211,12,8
"G17003100200","1920","Illinois","17","Cook","031",,"0200",,"Tract    0200    in Chicago, IL",1357,978,453,676,7,3
"G17003100201","1920","Illinois","17","Cook","031",,"0201",,"Tract    0201    in Chicago, IL",969,556,275,447,2,0
"G17003100202","1920","Illinois","17","Cook","031",,"0202",,"Tract    0202    in Chicago, IL",174,110,44,104,0,1
"G17003100203","1920","Illinois","17","Cook","031",,"0203",,"Tract    0203    in Chicago, IL",1363,1088,482,717,1,2
"G17003100204","1920","Illinois","17","Cook","031",,"0204",,"Tract    0204    in Chicago, IL",2013,1990,727,949,1,2
"G17003100205","1920","Illinois","17","Cook","031",,"0205",,"Tract    0205    in Chicago, IL",2077,1685,891,1074,1,4
"G17003100206","1920","Illinois","17","Cook","031",,"0206",,"Tract    0206    in Chicago, IL",2008,1546,688,934,0,3
"G17003100207","1920","Illinois","17","Cook","031",,"0207",,"Tract    0207    in Chicago, IL",1867,2030,844,1467,6,2
"G17003100208","1920","Illinois","17","Cook","031",,"0208",,"Tract    0208    in Chicago, IL",1292,2076,738,1492,0,2
"G17003100209","1920","Illinois","17","Cook","031",,"0209",,"Tract    0209    in Chicago, IL",870,413,239,336,0,0
"G17003100210","1920","Illinois","17","Cook","031",,"0210",,"Tract    0210    in Chicago, IL",3757,2025,1045,1406,54,4
"G17003100211","1920","Illinois","17","Cook","031",,"0211",,"Tract    0211    in Chicago, IL",2489,1177,531,820,4,5
"G17003100212","1920","Illinois","17","Cook","031",,"0212",,"Tract    0212    in Chicago, IL",1860,1366,597,1043,4,36
"G17003100213","1920","Illinois","17","Cook","031",,"0213",,"Tract    0213    in Chicago, IL",2587,1808,883,1303,3,8
"G17003100214","1920","Illinois","17","Cook","031",,"0214",,"Tract    0214    in Chicago, IL",3170,1618,876,1362,5,13
"G17003100215","1920","Illinois","17","Cook","031",,"0215",,"Tract    0215    in Chicago, IL",1963,1152,662,944,7,6
"G17003100216","1920","Illinois","17","Cook","031",,"0216",,"Tract    0216    in Chicago, IL",673,1255,353,1055,5,4
"G17003100217","1920","Illinois","17","Cook","031",,"0217",,"Tract    0217    in Chicago, IL",908,1456,358,1503,4,2
"G17003100218","1920","Illinois","17","Cook","031",,"0218",,"Tract    0218    in Chicago, IL",963,1479,473,1430,16,7
"G17003100219","1920","Illinois","17","Cook","031",,"0219",,"Tract    0219    in Chicago, IL",1132,2173,517,2212,12,1
"G17003100220","1920","Illinois","17","Cook","031",,"0220",,"Tract    0220    in Chicago, IL",1035,2533,564,2860,7,1
"G17003100221","1920","Illinois","17","Cook","031",,"0221",,"Tract    0221    in Chicago, IL",810,707,327,571,0,1
"G17003100222","1920","Illinois","17","Cook","031",,"0222",,"Tract    0222    in Chicago, IL",1072,952,373,728,1545,18
"G17003100223","1920","Illinois","17","Cook","031",,"0223",,"Tract    0223    in Chicago, IL",1194,686,270,625,2415,6
"G17003100224","1920","Illinois","17","Cook","031",,"0224",,"Tract    0224    in Chicago, IL",1611,647,242,581,2552,24
"G17003100225","1920","Illinois","17","Cook","031",,"0225",,"Tract    0225    in Chicago, IL",1491,1031,399,1212,665,5
"G17003100226","1920","Illinois","17","Cook","031",,"0226",,"Tract    0226    in Chicago, IL",606,495,143,814,52,7
"G17003100227","1920","Illinois","17","Cook","031",,"0227",,"Tract    0227    in Chicago, IL",210,305,70,582,3,2
"G17003100228","1920","Illinois","17","Cook","031",,"0228",,"Tract    0228    in Chicago, IL",2225,1295,700,1105,75,9
"G17003100229","1920","Illinois","17","Cook","031",,"0229",,"Tract    0229    in Chicago, IL",1209,484,274,442,16,3
"G17003100230","1920","Illinois","17","Cook","031",,"0230",,"Tract    0230    in Chicago, IL",1585,714,348,595,43,7
"G17003100231","1920","Illinois","17","Cook","031",,"0231",,"Tract    0231    in Chicago, IL",2727,1325,730,1140,52,11
"G17003100232","1920","Illinois","17","Cook","031",,"0232",,"Tract    0232    in Chicago, IL",3263,1540,707,1541,20,73
"G17003100233","1920","Illinois","17","Cook","031",,"0233",,"Tract    0233    in Chicago, IL",2343,1223,604,1141,47,15
"G17003100234","1920","Illinois","17","Cook","031",,"0234",,"Tract    0234    in Chicago, IL",2871,1675,680,2061,13,24
"G17003100235","1920","Illinois","17","Cook","031",,"0235",,"Tract    0235    in Chicago, IL",1536,1232,392,1953,3,6
"G17003100236","1920","Illinois","17","Cook","031",,"0236",,"Tract    0236    in Chicago, IL",700,709,130,1438,25,5
"G17003100237","1920","Illinois","17","Cook","031",,"0237",,"Tract    0237    in Chicago, IL",281,155,113,175,0,0
"G17003100238","1920","Illinois","17","Cook","031",,"0238",,"Tract    0238    in Chicago, IL",1397,1123,529,1101,6,2
"G17003100239","1920","Illinois","17","Cook","031",,"0239",,"Tract    0239    in Chicago, IL",635,1112,253,1067,17,1
"G17003100240","1920","Illinois","17","Cook","031",,"0240",,"Tract    0240    in Chicago, IL",374,786,162,789,8,0
"G17003100241","1920","Illinois","17","Cook","031",,"0241",,"Tract    0241    in Chicago, IL",814,2406,290,2679,185,1
"G17003100242","1920","Illinois","17","Cook","031",,"0242",,"Tract    0242    in Chicago, IL",212,1328,108,1751,89,2
"G17003100243","1920","Illinois","17","Cook","031",,"0243",,"Tract    0243    in Chicago, IL",108,1136,109,1420,10,2
"G17003100244","1920","Illinois","17","Cook","031",,"0244",,"Tract    0244    in Chicago, IL",1017,4517,635,4827,4,14
"G17003100245","1920","Illinois","17","Cook","031",,"0245",,"Tract    0245    in Chicago, IL",412,3449,413,3601,0,10
"G17003100246","1920","Illinois","17","Cook","031",,"0246",,"Tract    0246    in Chicago, IL",492,6001,374,6384,3,1
"G17003100247","1920","Illinois","17","Cook","031",,"0247",,"Tract    0247    in Chicago, IL",362,3050,300,3933,1,0
"G17003100248","1920","Illinois","17","Cook","031",,"0248",,"Tract    0248    in Chicago, IL",209,1581,113,1924,24,3
"G17003100249","1920","Illinois","17","Cook","031",,"0249",,"Tract    0249    in Chicago, IL",53,1115,47,994,0,0
"G17003100250","1920","Illinois","17","Cook","031",,"0250",,"Tract    0250    in Chicago, IL",49,628,72,776,0,0
"G17003100251","1920","Illinois","17","Cook","031",,"0251",,"Tract    0251    in Chicago, IL",73,1701,89,1815,38,0
"G17003100252","1920","Illinois","17","Cook","031",,"0252",,"Tract    0252    in Chicago, IL",24,242,3,223,0,0
"G17003100253","1920","Illinois","17","Cook","031",,"0253",,"Tract    0253    in Chicago, IL",71,139,50,103,9,0
"G17003100254","1920","Illinois","17","Cook","031",,"0254",,"Tract    0254    in Chicago, IL",706,1453,356,1436,43,0
"G17003100255","1920","Illinois","17","Cook","031",,"0255",,"Tract    0255    in Chicago, IL",719,3887,549,4210,71,2
"G17003100256","1920","Illinois","17","Cook","031",,"0256",,"Tract    0256    in Chicago, IL",751,5064,530,5848,72,4
"G17003100257","1920","Illinois","17","Cook","031",,"0257",,"Tract    0257    in Chicago, IL",321,3682,271,4948,18,0
"G17003100258","1920","Illinois","17","Cook","031",,"0258",,"Tract    0258    in Chicago, IL",196,2174,86,2987,27,2
"G17003100259","1920","Illinois","17","Cook","031",,"0259",,"Tract    0259    in Chicago, IL",130,2077,73,3072,5,0
"G17003100260","1920","Illinois","17","Cook","031",,"0260",,"Tract    0260    in Chicago, IL",126,1509,83,2252,63,5
"G17003100261","1920","Illinois","17","Cook","031",,"0261",,"Tract    0261    in Chicago, IL",7,383,36,579,25,0
"G17003100262","1920","Illinois","17","Cook","031",,"0262",,"Tract    0262    in Chicago, IL",2409,5868,1587,4527,1,5
"G17003100263","1920","Illinois","17","Cook","031",,"0263",,"Tract    0263    in Chicago, IL",1006,9781,1088,11411,54,6
"G17003100264","1920","Illinois","17","Cook","031",,"0264",,"Tract    0264    in Chicago, IL",242,3781,289,4778,32,6
"G17003100265","1920","Illinois","17","Cook","031",,"0265",,"Tract    0265    in Chicago, IL",140,2020,194,2235,10,5
"G17003100266","1920","Illinois","17","Cook","031",,"0266",,"Tract    0266    in Chicago, IL",682,1739,370,1864,13,0
"G17003100267","1920","Illinois","17","Cook","031",,"0267",,"Tract    0267    in Chicago, IL",2236,6132,1340,6063,1,15
"G17003100268","1920","Illinois","17","Cook","031",,"0268",,"Tract    0268    in Chicago, IL",335,1652,197,1770,22,4
"G17003100269","1920","Illinois","17","Cook","031",,"0269",,"Tract    0269    in Chicago, IL",371,703,231,658,0,2
"G17003100270","1920","Illinois","17","Cook","031",,"0270",,"Tract    0270    in Chicago, IL",661,2195,342,2088,8,4
"G17003100271","1920","Illinois","17","Cook","031",,"0271",,"Tract    0271    in Chicago, IL",485,2260,393,1994,0,3
"G17003100272","1920","Illinois","17","Cook","031",,"0272",,"Tract    0272    in Chicago, IL",2666,6096,1781,4043,2,4
"G17003100273","1920","Illinois","17","Cook","031",,"0273",,"Tract    0273    in Chicago, IL",1068,2937,659,2130,3,4
"G17003100274","1920","Illinois","17","Cook","031",,"0274",,"Tract    0274    in Chicago, IL",1080,2675,616,2069,0,3
"G17003100275","1920","Illinois","17","Cook","031",,"0275",,"Tract    0275    in Chicago, IL",525,2490,444,2224,1,0
"G17003100276","1920","Illinois","17","Cook","031",,"0276",,"Tract    0276    in Chicago, IL",521,3755,482,2987,2,1
"G17003100277","1920","Illinois","17","Cook","031",,"0277",,"Tract    0277    in Chicago, IL",455,2316,403,1862,2,1
"G17003100278","1920","Illinois","17","Cook","031",,"0278",,"Tract    0278    in Chicago, IL",426,2750,251,2384,0,0
"G17003100279","1920","Illinois","17","Cook","031",,"0279",,"Tract    0279    in Chicago, IL",780,3801,778,3042,0,0
"G17003100280","1920","Illinois","17","Cook","031",,"0280",,"Tract    0280    in Chicago, IL",436,2478,414,2030,0,0
"G17003100281","1920","Illinois","17","Cook","031",,"0281",,"Tract    0281    in Chicago, IL",410,2652,434,2035,0,0
"G17003100282","1920","Illinois","17","Cook","031",,"0282",,"Tract    0282    in Chicago, IL",260,437,87,374,197,1
"G17003100283","1920","Illinois","17","Cook","031",,"0283",,"Tract    0283    in Chicago, IL",204,1574,227,1211,0,0
"G17003100284","1920","Illinois","17","Cook","031",,"0284",,"Tract    0284    in Chicago, IL",730,5154,444,4292,1,0
"G17003100285","1920","Illinois","17","Cook","031",,"0285",,"Tract    0285    in Chicago, IL",788,5269,655,4567,1,1
"G17003100286","1920","Illinois","17","Cook","031",,"0286",,"Tract    0286    in Chicago, IL",606,5309,566,4463,2,4
"G17003100287","1920","Illinois","17","Cook","031",,"0287",,"Tract    0287    in Chicago, IL",158,1975,102,1714,0,1
"G17003100288","1920","Illinois","17","Cook","031",,"0288",,"Tract    0288    in Chicago, IL",617,4899,556,5906,5,3
"G17003100289","1920","Illinois","17","Cook","031",,"0289",,"Tract    0289    in Chicago, IL",746,3588,504,3735,1,2
"G17003100290","1920","Illinois","17","Cook","031",,"0290",,"Tract    0290    in Chicago, IL",409,1970,224,1973,0,1
"G17003100291","1920","Illinois","17","Cook","031",,"0291",,"Tract    0291    in Chicago, IL",565,3452,288,4093,0,2
"G17003100292","1920","Illinois","17","Cook","031",,"0292",,"Tract    0292    in Chicago, IL",208,924,81,890,0,0
"G17003100293","1920","Illinois","17","Cook","031",,"0293",,"Tract    0293    in Chicago, IL",11,80,18,59,0,0
"G17003100294","1920","Illinois","17","Cook","031",,"0294",,"Tract    0294    in Chicago, IL",36,405,0,423,0,0
"G17003100295","1920","Illinois","17","Cook","031",,"0295",,"Tract    0295    in Chicago, IL",444,2948,292,3750,4,2
"G17003100296","1920","Illinois","17","Cook","031",,"0296",,"Tract    0296    in Chicago, IL",372,2091,227,2047,1,0
"G17003100297","1920","Illinois","17","Cook","031",,"0297",,"Tract    0297    in Chicago, IL",3,9,1,13,0,0
"G17003100298","1920","Illinois","17","Cook","031",,"0298",,"Tract    0298    in Chicago, IL",803,308,84,354,4,56
"G17003100299","1920","Illinois","17","Cook","031",,"0299",,"Tract    0299    in Chicago, IL",1859,1107,248,1485,138,114
"G17003100300","1920","Illinois","17","Cook","031",,"0300",,"Tract    0300    in Chicago, IL",2865,1303,372,1738,288,14
"G17003100301","1920","Illinois","17","Cook","031",,"0301",,"Tract    0301    in Chicago, IL",705,319,114,441,300,4
"G17003100302","1920","Illinois","17","Cook","031",,"0302",,"Tract    0302    in Chicago, IL",246,381,58,413,1757,545
"G17003100303","1920","Illinois","17","Cook","031",,"0303",,"Tract    0303    in Chicago, IL",1903,848,363,1035,208,3
"G17003100304","1920","Illinois","17","Cook","031",,"0304",,"Tract    0304    in Chicago, IL",924,540,257,596,1846,20
"G17003100305","1920","Illinois","17","Cook","031",,"0305",,"Tract    0305    in Chicago, IL",1468,702,361,806,213,13
"G17003100306","1920","Illinois","17","Cook","031",,"0306",,"Tract    0306    in Chicago, IL",759,1336,421,909,9,0
"G17003100307","1920","Illinois","17","Cook","031",,"0307",,"Tract    0307    in Chicago, IL",1158,1679,555,1109,6,0
"G17003100308","1920","Illinois","17","Cook","031",,"0308",,"Tract    0308    in Chicago, IL",125,239,83,190,0,1
"G17003100309","1920","Illinois","17","Cook","031",,"0309",,"Tract    0309    in Chicago, IL",666,780,302,501,5,1
"G17003100310","1920","Illinois","17","Cook","031",,"0310",,"Tract    0310    in Chicago, IL",738,2227,443,1585,0,1
"G17003100311","1920","Illinois","17","Cook","031",,"0311",,"Tract    0311    in Chicago, IL",276,3104,318,2488,2,0
"G17003100312","1920","Illinois","17","Cook","031",,"0312",,"Tract    0312    in Chicago, IL",341,788,91,595,12,0
"G17003100313","1920","Illinois","17","Cook","031",,"0313",,"Tract    0313    in Chicago, IL",581,1119,189,906,1,0
"G17003100314","1920","Illinois","17","Cook","031",,"0314",,"Tract    0314    in Chicago, IL",687,3174,382,3300,73,393
"G17003100315","1920","Illinois","17","Cook","031",,"0315",,"Tract    0315    in Chicago, IL",787,2130,455,1392,1,0
"G17003100316","1920","Illinois","17","Cook","031",,"0316",,"Tract    0316    in Chicago, IL",924,2703,353,1738,0,0
"G17003100317","1920","Illinois","17","Cook","031",,"0317",,"Tract    0317    in Chicago, IL",347,1556,186,1092,0,0
"G17003100318","1920","Illinois","17","Cook","031",,"0318",,"Tract    0318    in Chicago, IL",1037,2160,440,1919,0,0
"G17003100319","1920","Illinois","17","Cook","031",,"0319",,"Tract    0319    in Chicago, IL",1603,2677,711,2078,0,0
"G17003100320","1920","Illinois","17","Cook","031",,"0320",,"Tract    0320    in Chicago, IL",294,766,162,743,1,0
"G17003100321","1920","Illinois","17","Cook","031",,"0321",,"Tract    0321    in Chicago, IL",222,813,96,855,721,2
"G17003100322","1920","Illinois","17","Cook","031",,"0322",,"Tract    0322    in Chicago, IL",110,534,74,361,0,0
"G17003100323","1920","Illinois","17","Cook","031",,"0323",,"Tract    0323    in Chicago, IL",328,2948,415,2733,0,3
"G17003100324","1920","Illinois","17","Cook","031",,"0324",,"Tract    0324    in Chicago, IL",559,1209,208,1263,0,0
"G17003100325","1920","Illinois","17","Cook","031",,"0325",,"Tract    0325    in Chicago, IL",243,309,148,287,0,0
"G17003100326","1920","Illinois","17","Cook","031",,"0326",,"Tract    0326    in Chicago, IL",365,3611,386,3695,0,0
"G17003100327","1920","Illinois","17","Cook","031",,"0327",,"Tract    0327    in Chicago, IL",181,487,50,677,1,0
"G17003100328","1920","Illinois","17","Cook","031",,"0328",,"Tract    0328    in Chicago, IL",64,104,30,125,87,0
"G17003100329","1920","Illinois","17","Cook","031",,"0329",,"Tract    0329    in Chicago, IL",393,1335,243,1342,6,4
"G17003100330","1920","Illinois","17","Cook","031",,"0330",,"Tract    0330    in Chicago, IL",1325,2835,653,2451,2,2
"G17003100331","1920","Illinois","17","Cook","031",,"0331",,"Tract    0331    in Chicago, IL",578,207,81,153,0,0
"G17003100332","1920","Illinois","17","Cook","031",,"0332",,"Tract    0332    in Chicago, IL",495,610,245,547,57,0
"G17003100333","1920","Illinois","17","Cook","031",,"0333",,"Tract    0333    in Chicago, IL",105,286,55,340,1211,6
"G17003100334","1920","Illinois","17","Cook","031",,"0334",,"Tract    0334    in Chicago, IL",1131,697,211,846,6155,24
"G17003100335","1920","Illinois","17","Cook","031",,"0335",,"Tract    0335    in Chicago, IL",1280,663,393,828,2873,15
"G17003100336","1920","Illinois","17","Cook","031",,"0336",,"Tract    0336    in Chicago, IL",1048,622,279,640,2437,16
"G17003100337","1920","Illinois","17","Cook","031",,"0337",,"Tract    0337    in Chicago, IL",440,208,76,257,4370,5
"G17003100338","1920","Illinois","17","Cook","031",,"0338",,"Tract    0338    in Chicago, IL",117,211,53,242,3479,1
"G17003100339","1920","Illinois","17","Cook","031",,"0339",,"Tract    0339    in Chicago, IL",341,201,81,251,4790,3
"G17003100340","1920","Illinois","17","Cook","031",,"0340",,"Tract    0340    in Chicago, IL",686,187,102,236,2545,2
"G17003100341","1920","Illinois","17","Cook","031",,"0341",,"Tract    0341    in Chicago, IL",201,284,48,284,5303,2
"G17003100342","1920","Illinois","17","Cook","031",,"0342",,"Tract    0342    in Chicago, IL",394,193,63,324,3532,3
"G17003100343","1920","Illinois","17","Cook","031",,"0343",,"Tract    0343    in Chicago, IL",455,229,68,223,4741,7
"G17003100344","1920","Illinois","17","Cook","031",,"0344",,"Tract    0344    in Chicago, IL",608,201,70,261,5910,4
"G17003100345","1920","Illinois","17","Cook","031",,"0345",,"Tract    0345    in Chicago, IL",81,281,36,226,0,0
"G17003100346","1920","Illinois","17","Cook","031",,"0346",,"Tract    0346    in Chicago, IL",881,1876,378,1592,2,0
"G17003100347","1920","Illinois","17","Cook","031",,"0347",,"Tract    0347    in Chicago, IL",75,755,11,724,1,0
"G17003100348","1920","Illinois","17","Cook","031",,"0348",,"Tract    0348    in Chicago, IL",2045,2716,887,1976,11,2
"G17003100349","1920","Illinois","17","Cook","031",,"0349",,"Tract    0349    in Chicago, IL",1120,4186,884,3741,1,0
"G17003100350","1920","Illinois","17","Cook","031",,"0350",,"Tract    0350    in Chicago, IL",991,4673,685,3807,3,0
"G17003100351","1920","Illinois","17","Cook","031",,"0351",,"Tract    0351    in Chicago, IL",397,1947,339,1578,0,0
"G17003100352","1920","Illinois","17","Cook","031",,"0352",,"Tract    0352    in Chicago, IL",749,4751,437,5899,50,0
"G17003100353","1920","Illinois","17","Cook","031",,"0353",,"Tract    0353    in Chicago, IL",34,41,3,76,6,0
"G17003100354","1920","Illinois","17","Cook","031",,"0354",,"Tract    0354    in Chicago, IL",34,1051,12,1309,3,4
"G17003100355","1920","Illinois","17","Cook","031",,"0355",,"Tract    0355    in Chicago, IL",48,1089,70,1072,0,1
"G17003100356","1920","Illinois","17","Cook","031",,"0356",,"Tract    0356    in Chicago, IL",36,1880,76,2919,0,9
"G17003100357","1920","Illinois","17","Cook","031",,"0357",,"Tract    0357    in Chicago, IL",7,424,19,497,0,3
"G17003100358","1920","Illinois","17","Cook","031",,"0358",,"Tract    0358    in Chicago, IL",73,429,62,332,0,0
"G17003100359","1920","Illinois","17","Cook","031",,"0359",,"Tract    0359    in Chicago, IL",189,2093,133,1636,0,0
"G17003100360","1920","Illinois","17","Cook","031",,"0360",,"Tract    0360    in Chicago, IL",313,2833,288,2423,0,0
"G17003100361","1920","Illinois","17","Cook","031",,"0361",,"Tract    0361    in Chicago, IL",472,2886,520,2606,0,1
"G17003100362","1920","Illinois","17","Cook","031",,"0362",,"Tract    0362    in Chicago, IL",581,2776,309,2714,1,2
"G17003100363","1920","Illinois","17","Cook","031",,"0363",,"Tract    0363    in Chicago, IL",261,3709,343,3838,0,2
"G17003100364","1920","Illinois","17","Cook","031",,"0364",,"Tract    0364    in Chicago, IL",461,1004,290,873,1,0
"G17003100365","1920","Illinois","17","Cook","031",,"0365",,"Tract    0365    in Chicago, IL",339,1197,171,909,0,0
"G17003100366","1920","Illinois","17","Cook","031",,"0366",,"Tract    0366    in Chicago, IL",563,2269,364,1587,0,0
"G17003100367","1920","Illinois","17","Cook","031",,"0367",,"Tract    0367    in Chicago, IL",676,1882,517,1284,1,2
"G17003100368","1920","Illinois","17","Cook","031",,"0368",,"Tract    0368    in Chicago, IL",915,2223,570,1659,0,0
"G17003100369","1920","Illinois","17","Cook","031",,"0369",,"Tract    0369    in Chicago, IL",118,455,81,339,0,0
"G17003100370","1920","Illinois","17","Cook","031",,"0370",,"Tract    0370    in Chicago, IL",1917,3199,1057,2075,1,0
"G17003100371","1920","Illinois","17","Cook","031",,"0371",,"Tract    0371    in Chicago, IL",1184,1292,411,911,70,2
"G17003100372","1920","Illinois","17","Cook","031",,"0372",,"Tract    0372    in Chicago, IL",328,192,67,240,1,2
"G17003100373","1920","Illinois","17","Cook","031",,"0373",,"Tract    0373    in Chicago, IL",466,578,157,408,0,2
"G17003100374","1920","Illinois","17","Cook","031",,"0374",,"Tract    0374    in Chicago, IL",1317,1585,644,1302,3,2
"G17003100375","1920","Illinois","17","Cook","031",,"0375",,"Tract    0375    in Chicago, IL",731,1225,460,853,1,0
"G17003100376","1920","Illinois","17","Cook","031",,"0376",,"Tract    0376    in Chicago, IL",686,1137,355,858,1,1
"G17003100377","1920","Illinois","17","Cook","031",,"0377",,"Tract    0377    in Chicago, IL",282,510,107,380,0,0
"G17003100378","1920","Illinois","17","Cook","031",,"0378",,"Tract    0378    in Chicago, IL",344,733,136,803,5,0
"G17003100379","1920","Illinois","17","Cook","031",,"0379",,"Tract    0379    in Chicago, IL",444,1387,363,1342,4,0
"G17003100380","1920","Illinois","17","Cook","031",,"0380",,"Tract    0380    in Chicago, IL",578,1329,362,1269,18,2
"G17003100381","1920","Illinois","17","Cook","031",,"0381",,"Tract    0381    in Chicago, IL",762,1430,325,1461,1,0
"G17003100382","1920","Illinois","17","Cook","031",,"0382",,"Tract    0382    in Chicago, IL",261,110,28,210,1965,2
"G17003100383","1920","Illinois","17","Cook","031",,"0383",,"Tract    0383    in Chicago, IL",2453,1106,570,1074,3529,16
"G17003100384","1920","Illinois","17","Cook","031",,"0384",,"Tract    0384    in Chicago, IL",3201,1517,789,1470,4497,24
"G17003100385","1920","Illinois","17","Cook","031",,"0385",,"Tract    0385    in Chicago, IL",224,586,104,750,1950,6
"G17003100386","1920","Illinois","17","Cook","031",,"0386",,"Tract    0386    in Chicago, IL",3848,2161,946,1797,3386,20
"G17003100387","1920","Illinois","17","Cook","031",,"0387",,"Tract    0387    in Chicago, IL",1909,1103,522,954,1563,4
"G17003100388","1920","Illinois","17","Cook","031",,"0388",,"Tract    0388    in Chicago, IL",75,362,67,258,2363,0
"G17003100389","1920","Illinois","17","Cook","031",,"0389",,"Tract    0389    in Chicago, IL",1850,1375,534,1023,1116,9
"G17003100390","1920","Illinois","17","Cook","031",,"0390",,"Tract    0390    in Chicago, IL",913,1129,423,744,381,0
"G17003100391","1920","Illinois","17","Cook","031",,"0391",,"Tract    0391    in Chicago, IL",1537,1243,504,1021,1026,4
"G17003100392","1920","Illinois","17","Cook","031",,"0392",,"Tract    0392    in Chicago, IL",1402,1004,495,890,77,13
"G17003100393","1920","Illinois","17","Cook","031",,"0393",,"Tract    0393    in Chicago, IL",1626,1317,541,1151,2427,0
"G17003100394","1920","Illinois","17","Cook","031",,"0394",,"Tract    0394    in Chicago, IL",930,551,257,657,2572,12
"G17003100395","1920","Illinois","17","Cook","031",,"0395",,"Tract    0395    in Chicago, IL",891,319,197,350,22,39
"G17003100396","1920","Illinois","17","Cook","031",,"0396",,"Tract    0396    in Chicago, IL",536,145,77,158,141,30
"G17003100397","1920","Illinois","17","Cook","031",,"0397",,"Tract    0397    in Chicago, IL",269,69,47,68,5,0
"G17003100398","1920","Illinois","17","Cook","031",,"0398",,"Tract    0398    in Chicago, IL",4387,1470,763,1368,183,27
"G17003100399","1920","Illinois","17","Cook","031",,"0399",,"Tract    0399    in Chicago, IL",2479,1447,746,1493,2682,20
"G17003100400","1920","Illinois","17","Cook","031",,"0400",,"Tract    0400    in Chicago, IL",4406,1285,887,1241,76,10
"G17003100401","1920","Illinois","17","Cook","031",,"0401",,"Tract    0401    in Chicago, IL",7010,2373,1576,3035,192,18
"G17003100402","1920","Illinois","17","Cook","031",,"0402",,"Tract    0402    in Chicago, IL",618,1486,325,1331,0,0
"G17003100403","1920","Illinois","17","Cook","031",,"0403",,"Tract    0403    in Chicago, IL",5983,5737,2335,3850,8,3
"G17003100404","1920","Illinois","17","Cook","031",,"0404",,"Tract    0404    in Chicago, IL",2109,2429,993,1689,0,0
"G17003100405","1920","Illinois","17","Cook","031",,"0405",,"Tract    0405    in Chicago, IL",1745,2429,995,1702,0,2
"G17003100406","1920","Illinois","17","Cook","031",,"0406",,"Tract    0406    in Chicago, IL",1603,2525,829,1556,2,2
"G17003100407","1920","Illinois","17","Cook","031",,"0407",,"Tract    0407    in Chicago, IL",1203,1632,590,1316,1206,4
"G17003100408","1920","Illinois","17","Cook","031",,"0408",,"Tract    0408    in Chicago, IL",1948,2817,1053,2005,1,2
"G17003100409","1920","Illinois","17","Cook","031",,"0409",,"Tract    0409    in Chicago, IL",1765,2029,642,1411,3,4
"G17003100410","1920","Illinois","17","Cook","031",,"0410",,"Tract    0410    in Chicago, IL",555,656,225,438,0,0
"G17003100411","1920","Illinois","17","Cook","031",,"0411",,"Tract    0411    in Chicago, IL",245,319,118,252,0,0
"G17003100412","1920","Illinois","17","Cook","031",,"0412",,"Tract    0412    in Chicago, IL",1250,2190,777,1509,1,2
"G17003100413","1920","Illinois","17","Cook","031",,"0413",,"Tract    0413    in Chicago, IL",995,1239,477,880,4,0
"G17003100414","1920","Illinois","17","Cook","031",,"0414",,"Tract    0414    in Chicago, IL",1126,1725,485,1274,1,0
"G17003100415","1920","Illinois","17","Cook","031",,"0415",,"Tract    0415    in Chicago, IL",1748,1290,558,867,2,4
"G17003100416","1920","Illinois","17","Cook","031",,"0416",,"Tract    0416    in Chicago, IL",1222,1000,462,713,4,3
"G17003100417","1920","Illinois","17","Cook","031",,"0417",,"Tract    0417    in Chicago, IL",802,551,231,377,243,0
"G17003100418","1920","Illinois","17","Cook","031",,"0418",,"Tract    0418    in Chicago, IL",1096,1246,479,911,29,1
"G17003100419","1920","Illinois","17","Cook","031",,"0419",,"Tract    0419    in Chicago, IL",913,1768,423,1786,366,2
"G17003100420","1920","Illinois","17","Cook","031",,"0420",,"Tract    0420    in Chicago, IL",1251,1414,531,1320,86,16
"G17003100421","1920","Illinois","17","Cook","031",,"0421",,"Tract    0421    in Chicago, IL",1343,1038,574,878,34,5
"G17003100422","1920","Illinois","17","Cook","031",,"0422",,"Tract    0422    in Chicago, IL",2102,713,407,636,15,3
"G17003100423","1920","Illinois","17","Cook","031",,"0423",,"Tract    0423    in Chicago, IL",1488,669,435,478,31,12
"G17003100424","1920","Illinois","17","Cook","031",,"0424",,"Tract    0424    in Chicago, IL",1393,1654,621,1117,165,2
"G17003100425","1920","Illinois","17","Cook","031",,"0425",,"Tract    0425    in Chicago, IL",2977,2344,1073,1810,46,9
"G17003100426","1920","Illinois","17","Cook","031",,"0426",,"Tract    0426    in Chicago, IL",5509,1866,1263,1526,150,8
"G17003100427","1920","Illinois","17","Cook","031",,"0427",,"Tract    0427    in Chicago, IL",1805,2405,821,1532,10,2
"G17003100428","1920","Illinois","17","Cook","031",,"0428",,"Tract    0428    in Chicago, IL",2522,2037,855,1451,1,4
"G17003100429","1920","Illinois","17","Cook","031",,"0429",,"Tract    0429    in Chicago, IL",4275,1681,939,1293,69,9
"G17003100430","1920","Illinois","17","Cook","031",,"0430",,"Tract    0430    in Chicago, IL",4176,4661,1982,3071,12,8
"G17003100431","1920","Illinois","17","Cook","031",,"0431",,"Tract    0431    in Chicago, IL",7208,3871,2232,2577,188,12
"G17003100432","1920","Illinois","17","Cook","031",,"0432",,"Tract    0432    in Chicago, IL",209,243,45,279,2632,2
"G17003100433","1920","Illinois","17","Cook","031",,"0433",,"Tract    0433    in Chicago, IL",3430,2892,1066,2510,1139,4
"G17003100434","1920","Illinois","17","Cook","031",,"0434",,"Tract    0434    in Chicago, IL",660,653,229,443,1722,4
"G17003100435","1920","Illinois","17","Cook","031",,"0435",,"Tract    0435    in Chicago, IL",4692,3281,1493,2359,848,22
"G17003100436","1920","Illinois","17","Cook","031",,"0436",,"Tract    0436    in Chicago, IL",687,424,128,442,250,2
"G17003100437","1920","Illinois","17","Cook","031",,"0437",,"Tract    0437    in Chicago, IL",3276,2062,933,1622,676,0
"G17003100438","1920","Illinois","17","Cook","031",,"0438",,"Tract    0438    in Chicago, IL",1597,874,438,752,48,3
"G17003100439","1920","Illinois","17","Cook","031",,"0439",,"Tract    0439    in Chicago, IL",4083,1432,1008,1363,147,14
"G17003100440","1920","Illinois","17","Cook","031",,"0440",,"Tract    0440    in Chicago, IL",4417,1347,907,1536,210,20
"G17003100441","1920","Illinois","17","Cook","031",,"0441",,"Tract    0441    in Chicago, IL",2389,1077,578,1094,67,75
"G17003100442","1920","Illinois","17","Cook","031",,"0442",,"Tract    0442    in Chicago, IL",3826,1097,729,1234,251,38
"G17003100443","1920","Illinois","17","Cook","031",,"0443",,"Tract    0443    in Chicago, IL",3384,2159,1069,1516,17,6
"G17003100444","1920","Illinois","17","Cook","031",,"0444",,"Tract    0444    in Chicago, IL",4141,1525,858,1166,23,34
"G17003100445","1920","Illinois","17","Cook","031",,"0445",,"Tract    0445    in Chicago, IL",5912,1562,1102,1292,53,31
"G17003100446","1920","Illinois","17","Cook","031",,"0446",,"Tract    0446    in Chicago, IL",2306,1842,846,1537,1307,22
"G17003100447","1920","Illinois","17","Cook","031",,"0447",,"Tract    0447    in Chicago, IL",6064,3059,1723,2206,28,21
"G17003100448","1920","Illinois","17","Cook","031",,"0448",,"Tract    0448    in Chicago, IL",6858,2017,1207,1551,32,25
"G17003100449","1920","Illinois","17","Cook","031",,"0449",,"Tract    0449    in Chicago, IL",1536,1214,596,1031,188,1
"G17003100450","1920","Illinois","17","Cook","031",,"0450",,"Tract    0450    in Chicago, IL",2010,1619,876,1090,92,0
"G17003100451","1920","Illinois","17","Cook","031",,"0451",,"Tract    0451    in Chicago, IL",2771,2339,1079,1814,5,6
"G17003100452","1920","Illinois","17","Cook","031",,"0452",,"Tract    0452    in Chicago, IL",1496,1278,623,1170,7,0
"G17003100453","1920","Illinois","17","Cook","031",,"0453",,"Tract    0453    in Chicago, IL",1421,1473,620,1134,7,3
"G17003100454","1920","Illinois","17","Cook","031",,"0454",,"Tract    0454    in Chicago, IL",699,1120,201,1015,1,4
"G17003100455","1920","Illinois","17","Cook","031",,"0455",,"Tract    0455    in Chicago, IL",2239,1060,663,933,49,8
"G17003100456","1920","Illinois","17","Cook","031",,"0456",,"Tract    0456    in Chicago, IL",3809,1399,954,1057,26,6
"G17003100457","1920","Illinois","17","Cook","031",,"0457",,"Tract    0457    in Chicago, IL",1639,1187,587,856,9,0
"G17003100458","1920","Illinois","17","Cook","031",,"0458",,"Tract    0458    in Chicago, IL",1768,678,485,492,2,2
"G17003100459","1920","Illinois","17","Cook","031",,"0459",,"Tract    0459    in Chicago, IL",364,136,58,115,6,0
"G17003100460","1920","Illinois","17","Cook","031",,"0460",,"Tract    0460    in Chicago, IL",875,477,259,292,0,0
"G17003100461","1920","Illinois","17","Cook","031",,"0461",,"Tract    0461    in Chicago, IL",610,750,263,737,2,2
"G17003100462","1920","Illinois","17","Cook","031",,"0462",,"Tract    0462    in Chicago, IL",1061,539,330,370,0,0
"G17003100463","1920","Illinois","17","Cook","031",,"0463",,"Tract    0463    in Chicago, IL",2472,1684,831,1280,0,4
"G17003100464","1920","Illinois","17","Cook","031",,"0464",,"Tract    0464    in Chicago, IL",207,347,157,284,1,0
"G17003100465","1920","Illinois","17","Cook","031",,"0465",,"Tract    0465    in Chicago, IL",3987,3292,1663,2180,20,0
"G17003100466","1920","Illinois","17","Cook","031",,"0466",,"Tract    0466    in Chicago, IL",729,733,352,609,1,0
"G17003100467","1920","Illinois","17","Cook","031",,"0467",,"Tract    0467    in Chicago, IL",447,648,210,605,15,0
"G17003100468","1920","Illinois","17","Cook","031",,"0468",,"Tract    0468    in Chicago, IL",1213,1659,385,1752,12,0
"G17003100469","1920","Illinois","17","Cook","031",,"0469",,"Tract    0469    in Chicago, IL",1260,2459,471,2524,3,1
"G17003100470","1920","Illinois","17","Cook","031",,"0470",,"Tract    0470    in Chicago, IL",697,982,338,704,2,0
"G17003100471","1920","Illinois","17","Cook","031",,"0471",,"Tract    0471    in Chicago, IL",914,4324,813,2957,0,2
"G17003100472","1920","Illinois","17","Cook","031",,"0472",,"Tract    0472    in Chicago, IL",567,2044,427,1454,0,0
"G17003100473","1920","Illinois","17","Cook","031",,"0473",,"Tract    0473    in Chicago, IL",205,3746,378,3229,1,2
"G17003100474","1920","Illinois","17","Cook","031",,"0474",,"Tract    0474    in Chicago, IL",345,375,108,272,0,0
"G17003100475","1920","Illinois","17","Cook","031",,"0475",,"Tract    0475    in Chicago, IL",354,1188,297,825,17,0
"G17003100476","1920","Illinois","17","Cook","031",,"0476",,"Tract    0476    in Chicago, IL",1157,3811,709,3165,17,8
"G17003100477","1920","Illinois","17","Cook","031",,"0477",,"Tract    0477    in Chicago, IL",231,1243,140,1554,98,5
"G17003100478","1920","Illinois","17","Cook","031",,"0478",,"Tract    0478    in Chicago, IL",963,1269,342,1335,25,3
"G17003100479","1920","Illinois","17","Cook","031",,"0479",,"Tract    0479    in Chicago, IL",4211,2164,1281,1609,54,3
"G17003100480","1920","Illinois","17","Cook","031",,"0480",,"Tract    0480    in Chicago, IL",1057,760,388,610,8,0
"G17003100481","1920","Illinois","17","Cook","031",,"0481",,"Tract    0481    in Chicago, IL",85,163,41,133,205,0
"G17003100482","1920","Illinois","17","Cook","031",,"0482",,"Tract    0482    in Chicago, IL",550,824,235,682,0,0
"G17003100483","1920","Illinois","17","Cook","031",,"0483",,"Tract    0483    in Chicago, IL",900,3359,1072,3422,6,0
"G17003100484","1920","Illinois","17","Cook","031",,"0484",,"Tract    0484    in Chicago, IL",720,1980,416,2291,0,2
"G17003100485","1920","Illinois","17","Cook","031",,"0485",,"Tract    0485    in Chicago, IL",147,1149,121,1178,0,0
"G17003100486","1920","Illinois","17","Cook","031",,"0486",,"Tract    0486    in Chicago, IL",347,871,271,673,2,0
"G17003100487","1920","Illinois","17","Cook","031",,"0487",,"Tract    0487    in Chicago, IL",243,1108,121,1185,0,0
"G17003100488","1920","Illinois","17","Cook","031",,"0488",,"Tract    0488    in Chicago, IL",1,18,0,23,0,0
"G17003100489","1920","Illinois","17","Cook","031",,"0489",,"Tract    0489    in Chicago, IL",1051,2222,468,1946,1,0
"G17003100490","1920","Illinois","17","Cook","031",,"0490",,"Tract    0490    in Chicago, IL",438,566,194,477,0,2
"G17003100491","1920","Illinois","17","Cook","031",,"0491",,"Tract    0491    in Chicago, IL",1653,2864,861,1905,0,0
"G17003100492","1920","Illinois","17","Cook","031",,"0492",,"Tract    0492    in Chicago, IL",2459,1201,634,969,692,4
"G17003100493","1920","Illinois","17","Cook","031",,"0493",,"Tract    0493    in Chicago, IL",2293,4031,1435,3842,5,3
"G17003100494","1920","Illinois","17","Cook","031",,"0494",,"Tract    0494    in Chicago, IL",2287,5346,1154,6014,138,9
"G17003100495","1920","Illinois","17","Cook","031",,"0495",,"Tract    0495    in Chicago, IL",31,780,55,953,2,0
"G17003100496","1920","Illinois","17","Cook","031",,"0496",,"Tract    0496    in Chicago, IL",1521,2852,595,2528,20,5
